05.07.2001	186
02.03.2005	61
13.09.2017	256
12.09.2001	255
07.07.2016	189
30.03.2017	89
09.12.2002	343
01.05.2001	121
15.01.2016	15
14.04.2000	105
27.10.2009	300
02.06.2004	154
20.04.2016	111
11.12.2007	345
15.02.2014	46
29.10.2010	302
07.02.2003	38
26.01.2011	26
06.11.2008	311
02.07.2013	183
08.10.2008	282
07.03.2005	66
13.10.2004	287
21.04.2007	111
01.03.2001	60
21.08.2014	233
04.01.2000	4
06.01.2010	6
20.12.2010	354
01.05.2011	121
16.03.2006	75
27.06.2016	179
13.11.2009	317
17.04.2007	107
07.03.2007	66
11.10.2006	284
25.12.2010	359
21.02.2001	52
07.08.2014	219
22.05.2008	143
21.04.2013	111
02.04.2000	93
22.01.2002	22
13.06.2017	164
12.05.2016	133
17.03.2004	77
10.04.2004	101
12.10.2012	286
20.07.2014	201
26.07.2004	208
26.08.2011	238
12.02.2008	43
24.04.2016	115
25.05.2007	145
18.01.2008	18
09.01.2010	9
28.04.2013	118
17.09.2003	260
26.07.2005	207
20.06.2013	171
13.05.2008	134
11.12.2004	346
07.04.2014	97
02.04.2008	93
26.04.2006	116
12.05.2012	133
14.08.2004	227
29.10.2010	302
12.03.2012	72
28.02.2012	59
25.04.2007	115
06.01.2009	6
10.10.2005	283
20.01.2001	20
06.04.2007	96
25.04.2002	115
11.08.2015	223
08.01.2010	8
09.10.2000	283
01.01.2006	1
02.01.2004	2
06.12.2003	340
28.05.2006	148
15.03.2003	74
02.04.2015	92
16.02.2008	47
27.04.2015	117
21.10.2013	294
26.03.2015	85
02.01.2008	2
05.02.2017	36
16.09.2015	259
29.11.2006	333
19.08.2014	231
24.07.2006	205
11.09.2017	254
30.06.2002	181
05.12.2006	339
12.08.2005	224
04.06.2007	155
05.02.2010	36
15.03.2013	74
25.06.2000	177
01.10.2012	275
14.02.2002	45
12.12.2010	346
27.10.2003	300
16.02.2012	47
26.10.2002	299
22.04.2007	112
06.11.2002	310
02.06.2004	154
26.01.2013	26
07.07.2016	189
21.11.2007	325
10.12.2014	344
29.01.2015	29
16.09.2000	260
14.07.2017	195
13.07.2001	194
07.05.2008	128
27.12.2000	362
17.06.2005	168
01.02.2003	32
31.07.2006	212
03.07.2001	184
17.01.2013	17
15.09.2001	258
07.09.2011	250
01.05.2013	121
01.01.2012	1
08.05.2006	128
10.04.2007	100
04.02.2011	35
29.05.2010	149
06.07.2005	187
28.03.2005	87
11.09.2003	254
08.09.2010	251
11.06.2001	162
28.02.2006	59
01.10.2010	274
05.05.2006	125
23.03.2000	83
27.05.2008	148
28.09.2000	272
08.02.2005	39
23.12.2017	357
29.09.2012	273
10.11.2008	315
19.12.2000	354
27.09.2014	270
14.11.2004	319
03.07.2016	185
25.02.2007	56
28.07.2002	209
09.07.2009	190
25.10.2014	298
01.08.2005	213
07.02.2002	38
17.08.2008	230
04.04.2014	94
21.07.2016	203
02.08.2013	214
28.08.2013	240
27.06.2007	178
20.11.2012	325
10.04.2011	100
01.05.2012	122
16.07.2003	197
24.02.2006	55
23.06.2003	174
18.08.2004	231
07.11.2016	312
21.10.2011	294
21.08.2017	233
12.06.2014	163
17.12.2013	351
24.12.2010	358
30.04.2001	120
26.08.2014	238
02.09.2009	245
28.05.2007	148
27.03.2013	86
25.02.2004	56
02.10.2011	275
25.08.2014	237
05.07.2003	186
03.06.2006	154
19.10.2017	292
06.11.2002	310
18.10.2010	291
18.04.2006	108
19.05.2008	140
11.07.2003	192
13.05.2002	133
29.07.2017	210
01.07.2001	182
17.05.2012	138
13.12.2006	347
02.01.2000	2
22.02.2005	53
28.10.2011	301
29.12.2004	364
22.07.2006	203
08.05.2003	128
26.07.2001	207
17.04.2007	107
19.02.2006	50
04.01.2012	4
07.04.2016	98
19.01.2006	19
28.04.2001	118
21.09.2003	264
12.04.2017	102
27.03.2000	87
12.11.2001	316
08.01.2009	8
21.07.2010	202
03.11.2000	308
17.07.2016	199
16.12.2011	350
12.08.2015	224
01.06.2013	152
07.04.2017	97
20.02.2014	51
05.12.2008	340
14.05.2002	134
08.11.2002	312
10.03.2003	69
19.12.2001	353
07.05.2001	127
06.12.2004	341
11.07.2006	192
24.01.2007	24
16.01.2014	16
16.12.2010	350
20.12.2010	354
27.08.2001	239
05.07.2003	186
15.07.2012	197
29.10.2014	302
11.10.2010	284
02.08.2008	215
15.07.2003	196
13.11.2007	317
01.06.2013	152
07.09.2002	250
14.03.2001	73
14.04.2015	104
21.10.2000	295
28.01.2013	28
12.11.2000	317
30.12.2014	364
15.07.2008	197
15.04.2002	105
09.07.2017	190
28.06.2010	179
16.09.2012	260
02.05.2008	123
03.05.2014	123
11.04.2003	101
24.08.2004	237
06.01.2010	6
13.11.2012	318
09.02.2000	40
16.09.2004	260
25.07.2001	206
09.03.2004	69
30.08.2009	242
03.06.2013	154
28.08.2015	240
14.01.2012	14
04.06.2017	155
09.08.2002	221
22.04.2016	113
18.07.2003	199
19.07.2014	200
23.07.2013	204
06.09.2003	249
03.02.2002	34
22.12.2001	356
15.07.2011	196
13.05.2000	134
07.04.2015	97
25.07.2002	206
30.05.2000	151
22.02.2015	53
23.06.2014	174
26.07.2005	207
24.03.2015	83
15.07.2012	197
17.06.2017	168
12.12.2016	347
07.02.2005	38
09.06.2006	160
04.07.2004	186
22.01.2014	22
14.02.2009	45
21.10.2007	294
27.02.2009	58
01.04.2003	91
01.11.2007	305
26.03.2014	85
19.12.2000	354
09.03.2000	69
01.05.2017	121
29.01.2004	29
10.08.2012	223
11.11.2014	315
02.12.2014	336
17.09.2000	261
27.08.2014	239
30.01.2012	30
30.10.2005	303
26.10.2008	300
10.08.2001	222
12.10.2009	285
31.01.2002	31
30.03.2013	89
21.12.2000	356
10.10.2008	284
09.05.2014	129
04.01.2015	4
12.09.2003	255
30.12.2007	364
21.10.2005	294
01.12.2000	336
25.05.2010	145
06.04.2001	96
16.10.2016	290
04.04.2003	94
07.10.2008	281
19.11.2005	323
07.01.2000	7
19.03.2017	78
29.10.2011	302
14.11.2008	319
10.09.2010	253
13.05.2012	134
24.01.2009	24
12.06.2014	163
21.11.2004	326
24.03.2012	84
30.10.2010	303
02.10.2014	275
25.10.2012	299
14.08.2006	226
21.06.2017	172
23.04.2012	114
15.11.2006	319
04.10.2006	277
30.09.2015	273
04.07.2012	186
15.10.2012	289
12.02.2017	43
26.06.2016	178
04.11.2001	308
16.04.2014	106
22.06.2007	173
12.01.2001	12
11.11.2017	315
11.11.2001	315
31.05.2009	151
15.10.2009	288
17.08.2000	230
30.05.2010	150
11.07.2012	193
06.02.2001	37
05.04.2002	95
02.12.2015	336
11.12.2014	345
22.07.2016	204
06.05.2003	126
22.08.2003	234
10.01.2001	10
18.02.2013	49
08.08.2012	221
06.02.2005	37
24.07.2004	206
10.07.2013	191
18.05.2011	138
10.11.2002	314
24.10.2014	297
27.09.2011	270
06.04.2005	96
10.06.2003	161
30.04.2000	121
05.03.2012	65
26.11.2007	330
23.07.2004	205
23.05.2008	144
12.03.2017	71
20.12.2013	354
16.11.2014	320
02.01.2013	2
25.06.2011	176
17.06.2002	168
27.08.2001	239
28.08.2000	241
12.05.2009	132
09.05.2014	129
15.11.2012	320
16.06.2004	168
07.04.2017	97
26.02.2012	57
30.01.2003	30
07.01.2011	7
03.03.2009	62
14.08.2006	226
26.04.2012	117
22.03.2001	81
10.06.2014	161
05.05.2002	125
29.06.2010	180
07.02.2007	38
03.05.2004	124
17.10.2009	290
15.10.2013	288
09.06.2001	160
07.12.2000	342
29.07.2011	210
12.01.2013	12
22.08.2007	234
09.06.2016	161
14.03.2014	73
04.06.2002	155
23.06.2003	174
03.03.2003	62
08.01.2016	8
06.07.2015	187
24.05.2004	145
17.08.2006	229
21.12.2014	355
18.07.2010	199
17.10.2007	290
01.08.2004	214
23.06.2000	175
22.09.2010	265
29.07.2000	211
27.12.2010	361
18.07.2017	199
05.09.2015	248
15.05.2013	135
16.11.2008	321
25.01.2016	25
27.06.2006	178
18.06.2007	169
17.11.2014	321
01.08.2014	213
22.12.2012	357
20.11.2013	324
15.11.2002	319
18.03.2009	77
05.11.2013	309
09.04.2003	99
10.08.2014	222
13.11.2016	318
06.02.2005	37
09.05.2006	129
27.04.2002	117
17.02.2017	48
15.04.2017	105
03.02.2016	34
29.12.2000	364
09.02.2001	40
25.12.2005	359
30.01.2008	30
27.07.2017	208
21.05.2017	141
08.02.2011	39
14.12.2009	348
20.08.2016	233
21.08.2004	234
11.10.2007	284
01.03.2017	60
14.07.2007	195
04.02.2008	35
06.11.2007	310
03.07.2008	185
11.09.2012	255
04.05.2003	124
18.03.2003	77
28.11.2008	333
04.01.2003	4
02.12.2004	337
03.08.2011	215
21.08.2017	233
05.09.2011	248
14.05.2005	134
08.10.2009	281
20.01.2006	20
27.06.2015	178
17.12.2017	351
01.11.2003	305
20.02.2015	51
16.02.2001	47
16.07.2015	197
22.12.2012	357
24.11.2004	329
11.08.2000	224
12.08.2004	225
05.06.2016	157
25.11.2010	329
20.04.2001	110
18.07.2012	200
06.03.2012	66
28.03.2013	87
09.02.2017	40
15.11.2008	320
28.07.2013	209
21.11.2007	325
21.11.2016	326
20.03.2001	79
26.02.2016	57
29.08.2017	241
12.06.2005	163
22.08.2001	234
13.08.2016	226
20.07.2013	201
23.10.2004	297
15.08.2015	227
21.11.2013	325
13.07.2007	194
26.08.2006	238
31.05.2000	152
29.03.2016	89
03.11.2012	308
30.03.2004	90
15.08.2013	227
24.08.2001	236
29.03.2001	88
10.04.2005	100
10.11.2007	314
31.10.2007	304
23.09.2015	266
24.09.2003	267
01.04.2007	91
21.05.2017	141
06.10.2007	279
04.03.2006	63
15.10.2015	288
18.07.2002	199
12.04.2009	102
25.01.2005	25
15.12.2010	349
24.08.2001	236
30.04.2011	120
19.02.2010	50
16.12.2002	350
14.12.2014	348
25.02.2017	56
02.08.2008	215
20.12.2009	354
01.03.2005	60
17.11.2001	321
08.06.2016	160
20.04.2016	111
14.05.2014	134
28.01.2010	28
04.04.2000	95
03.07.2006	184
08.05.2009	128
04.06.2000	156
23.11.2002	327
21.10.2017	294
27.12.2008	362
05.08.2012	218
17.01.2010	17
24.09.2011	267
03.01.2016	3
17.06.2008	169
08.01.2013	8
06.08.2015	218
11.07.2007	192
01.08.2012	214
02.04.2002	92
25.09.2001	268
01.07.2007	182
11.11.2001	315
04.07.2017	185
11.04.2009	101
26.02.2009	57
17.09.2005	260
06.04.2004	97
30.03.2008	90
22.05.2010	142
15.08.2016	228
06.01.2014	6
30.10.2016	304
05.11.2000	310
01.07.2013	182
29.11.2014	333
08.06.2013	159
24.02.2006	55
17.04.2008	108
10.02.2013	41
21.07.2017	202
05.05.2014	125
23.04.2006	113
27.02.2000	58
29.09.2001	272
05.02.2008	36
11.04.2004	102
17.08.2008	230
04.07.2005	185
23.12.2007	357
19.04.2008	110
25.03.2013	84
02.09.2009	245
12.06.2007	163
29.12.2017	363
14.12.2008	349
18.11.2009	322
24.02.2014	55
07.02.2002	38
28.09.2006	271
27.07.2007	208
25.06.2010	176
26.02.2008	57
09.11.2017	313
11.07.2015	192
25.04.2001	115
25.11.2012	330
23.02.2003	54
19.01.2016	19
30.07.2011	211
13.02.2001	44
20.11.2009	324
05.11.2013	309
28.02.2013	59
20.12.2006	354
09.07.2015	190
25.05.2000	146
26.03.2015	85
12.04.2004	103
15.07.2002	196
12.08.2006	224
08.02.2009	39
05.12.2009	339
30.11.2003	334
31.03.2003	90
16.03.2003	75
31.03.2016	91
03.01.2016	3
16.01.2013	16
11.11.2013	315
19.03.2005	78
03.12.2000	338
27.09.2001	270
15.03.2016	75
08.03.2005	67
26.01.2008	26
24.11.2004	329
08.10.2017	281
30.08.2001	242
31.08.2008	244
22.08.2017	234
09.10.2003	282
05.06.2016	157
24.02.2008	55
05.08.2007	217
25.10.2000	299
30.11.2006	334
31.08.2009	243
17.10.2003	290
10.12.2001	344
07.01.2014	7
30.12.2015	364
10.03.2011	69
15.02.2017	46
08.07.2001	189
25.08.2017	237
07.05.2014	127
15.08.2017	227
18.02.2013	49
19.04.2004	110
01.11.2012	306
07.09.2013	250
15.04.2011	105
25.04.2006	115
10.09.2006	253
26.05.2009	146
09.04.2002	99
19.09.2013	262
30.04.2011	120
13.04.2004	104
11.04.2003	101
18.08.2007	230
12.06.2010	163
21.11.2012	326
27.02.2005	58
26.01.2013	26
01.02.2015	32
04.11.2003	308
30.04.2003	120
16.10.2004	290
23.10.2008	297
01.07.2012	183
02.11.2000	307
19.08.2016	232
01.09.2002	244
10.09.2009	253
07.04.2017	97
03.06.2009	154
23.03.2013	82
19.12.2000	354
06.10.2008	280
06.12.2014	340
24.11.2017	328
16.03.2015	75
23.05.2007	143
15.08.2007	227
07.02.2006	38
26.09.2016	270
16.07.2003	197
12.09.2007	255
05.09.2014	248
22.03.2000	82
28.04.2004	119
05.01.2014	5
12.06.2015	163
17.02.2006	48
08.12.2017	342
23.03.2005	82
08.08.2013	220
06.04.2010	96
13.06.2007	164
24.04.2017	114
12.04.2008	103
12.04.2006	102
07.02.2012	38
15.09.2013	258
27.01.2017	27
11.03.2014	70
07.11.2004	312
29.05.2016	150
06.03.2009	65
14.07.2001	195
03.03.2008	63
29.10.2007	302
02.06.2009	153
01.09.2013	244
25.03.2000	85
18.03.2008	78
09.10.2008	283
24.08.2003	236
17.03.2015	76
24.05.2003	144
06.09.2008	250
17.05.2010	137
16.12.2013	350
13.12.2000	348
09.03.2016	69
14.02.2006	45
07.06.2012	159
07.11.2001	311
17.05.2012	138
19.02.2010	50
20.12.2015	354
13.10.2002	286
28.08.2003	240
06.04.2008	97
16.11.2010	320
18.10.2017	291
09.03.2009	68
04.03.2017	63
23.01.2005	23
12.04.2017	102
22.11.2016	327
06.07.2007	187
12.05.2017	132
06.06.2006	157
05.07.2006	186
20.08.2002	232
03.09.2005	246
22.10.2012	296
30.06.2017	181
27.10.2011	300
27.10.2016	301
28.06.2015	179
21.12.2000	356
07.07.2004	189
09.12.2016	344
22.01.2012	22
18.07.2017	199
21.08.2012	234
26.05.2014	146
05.09.2013	248
13.11.2016	318
28.01.2001	28
23.12.2003	357
12.11.2011	316
30.12.2014	364
20.03.2001	79
18.04.2005	108
02.06.2012	154
29.12.2003	363
01.12.2011	335
20.06.2017	171
22.01.2014	22
26.02.2016	57
24.02.2009	55
30.09.2011	273
13.04.2001	103
30.07.2002	211
20.01.2007	20
20.09.2010	263
22.09.2007	265
27.06.2011	178
10.02.2003	41
25.03.2016	85
02.07.2015	183
04.12.2017	338
04.10.2016	278
06.08.2015	218
21.11.2011	325
08.07.2014	189
23.02.2010	54
07.09.2005	250
24.03.2012	84
24.03.2011	83
27.04.2010	117
06.05.2012	127
13.10.2016	287
21.02.2011	52
02.07.2017	183
12.07.2011	193
17.02.2003	48
11.08.2004	224
27.06.2009	178
15.05.2010	135
21.11.2002	325
08.08.2017	220
19.01.2015	19
21.10.2009	294
15.03.2007	74
26.09.2001	269
27.05.2001	147
16.11.2013	320
14.08.2004	227
22.03.2001	81
23.05.2006	143
12.07.2001	193
07.11.2013	311
18.05.2014	138
25.04.2012	116
23.10.2009	296
30.05.2003	150
25.06.2000	177
24.03.2009	83
10.04.2003	100
08.04.2001	98
19.12.2007	353
28.02.2014	59
01.11.2013	305
29.05.2012	150
04.04.2000	95
17.10.2016	291
30.03.2012	90
22.09.2010	265
31.08.2004	244
01.09.2002	244
10.04.2005	100
06.09.2008	250
10.08.2012	223
28.09.2006	271
25.05.2016	146
05.12.2017	339
16.07.2011	197
27.03.2005	86
05.03.2017	64
27.09.2006	270
09.11.2010	313
24.05.2011	144
17.11.2000	322
29.03.2017	88
06.12.2004	341
06.03.2001	65
09.07.2005	190
25.12.2012	360
21.02.2010	52
24.02.2011	55
19.03.2010	78
12.03.2008	72
28.01.2004	28
26.07.2009	207
10.02.2013	41
01.02.2013	32
25.06.2005	176
19.01.2011	19
10.10.2007	283
31.07.2017	212
12.10.2013	285
25.05.2017	145
08.10.2015	281
09.02.2010	40
13.12.2002	347
04.01.2000	4
20.02.2002	51
16.03.2000	76
08.06.2011	159
15.11.2010	319
26.04.2008	117
06.05.2012	127
26.01.2013	26
17.11.2008	322
18.01.2001	18
11.02.2015	42
25.12.2006	359
21.05.2000	142
24.08.2013	236
29.07.2010	210
20.07.2008	202
19.01.2013	19
01.04.2004	92
16.11.2002	320
17.09.2015	260
26.11.2005	330
21.12.2016	356
18.07.2015	199
10.05.2009	130
02.05.2005	122
30.04.2003	120
30.01.2002	30
25.01.2003	25
18.06.2016	170
22.11.2005	326
18.07.2002	199
19.05.2013	139
12.11.2003	316
17.09.2006	260
24.11.2009	328
09.04.2008	100
26.09.2007	269
16.10.2001	289
28.01.2012	28
09.04.2010	99
27.04.2003	117
09.12.2002	343
14.07.2003	195
02.07.2017	183
10.09.2005	253
13.07.2017	194
23.11.2013	327
15.10.2003	288
12.01.2012	12
17.07.2007	198
03.07.2000	185
03.05.2001	123
14.01.2007	14
08.06.2008	160
24.03.2007	83
04.05.2013	124
19.10.2002	292
25.05.2011	145
09.03.2012	69
11.10.2015	284
20.05.2003	140
25.04.2003	115
19.07.2011	200
05.04.2006	95
08.06.2008	160
05.01.2010	5
16.10.2004	290
12.07.2009	193
10.10.2006	283
29.12.2017	363
17.03.2010	76
02.06.2002	153
31.08.2002	243
18.02.2015	49
22.07.2009	203
07.01.2014	7
04.11.2012	309
26.08.2012	239
21.07.2002	202
08.02.2007	39
02.07.2005	183
29.08.2009	241
22.04.2010	112
01.06.2012	153
08.09.2014	251
06.07.2010	187
24.09.2013	267
28.02.2016	59
30.05.2011	150
12.04.2010	102
28.10.2014	301
31.10.2004	305
19.05.2004	140
14.12.2006	348
02.03.2016	62
25.11.2007	329
07.02.2007	38
07.11.2011	311
17.07.2001	198
11.09.2012	255
15.01.2015	15
16.06.2015	167
